frequency_hz,relative_db
20.0,69.696
20.290906698750476,69.74086307420636
20.586044732869844,69.83024364352531
20.885475648548283,69.9101510468653
21.189261887185914,69.96124610824036
21.49746679841394,70.02100602569071
21.810154653305165,70.0329440716233
22.12739065777668,70.15570181506605
22.449240966187475,70.18187634524938
22.77577269513385,70.1854346962198
23.107053937445478,70.20519087109034
23.44315377638505,70.20694743706025
23.784142300054445,70.25525133200944
24.130090616010463,70.27450453080053
24.481070866093134,70.35107842518421
24.837156241469714,70.3151198057218
25.1984209978975,70.27355461148916
25.56494047120865,70.4487830322021
25.936791093020236,70.26763644439139
26.3140504066728,70.41428973993695
26.69679708340074,70.49764767917408
27.08511093873791,70.49759556245048
27.47907294916184,70.49113951367225
27.878765268980047,70.53455800593271
28.284271247461966,70.5744397513309
28.695675446220072,70.62787293970192
29.11306365684382,70.66530578555012
29.536522918790062,70.6344824789331
29.966141537533712,70.66823324605062
30.402009102982383,70.67843214564772
30.844216508158908,70.6516021380769
31.29285596815558,70.64817856790447
31.74802103936409,70.6058674226779
32.20980663898519,70.56097817593539
32.67830906482211,70.5748202348245
33.153626015361866,70.54133300823338
33.63585661014871,70.59919920847157
34.125101410453844,70.6314554761645
34.62146244024586,70.59335375597541
35.12504320746613,70.6543569996095
35.635948725613716,70.6665
36.15428553564419,70.60180973972426
36.68016172818701,70.57025156317957
37.21368696608603,70.655424819505
37.754972507267915,70.6892866064862
38.30413122794313,70.64186707159533
38.86127764614443,70.63411277646144
39.4265279456077,70.65921495377579
40.000000000000206,70.67263333333334
40.58181339750116,70.62953074956656
41.1720894657399,70.68050108316717
41.77095129709678,70.67940385071032
42.37852377437204,70.73654858274358
42.9949335968281,70.73926674861687
43.62030930661056,70.72019697505954
44.25478131555359,70.67395153054491
44.89848193237519,70.60334681069148
45.55154539026795,70.60209453120953
46.21410787489121,70.55273236605272
46.88630755277036,70.53394901338108
47.56828460010916,70.55172759397522
48.260181232021196,70.564062511358
48.962141732186545,70.46079919011937
49.674312482939705,70.41145318819947
50.39684199579528,70.41738420849335
51.129880942417586,70.38182208392615
51.873582186040764,70.43479404046448
52.628100813345895,70.40732385892085
53.393594166801776,70.39404961916622
54.17022187747612,70.41154465748781
54.95814589832399,70.4201828989493
55.75753053796041,70.36762906983898
56.56854249492426,70.3412084972998
57.39135089244048,70.27495497448014
58.226127313687975,70.19843832957861
59.073045837580466,70.11586846207953
59.932283075067765,70.09101391729608
60.804018205965114,70.03821470737647
61.68843301631817,70.02920508524127
62.58571193631152,70.03811902334188
63.49604207872855,70.05681292573203
64.41961327797075,70.13901823402084
65.35661812964459,70.16791569228003
66.3072520307241,70.11609846515992
67.27171322029778,70.07989136565097
68.25020282090806,69.94141289345025
69.2429248804921,69.83635774903252
70.25008641493265,69.8125291185677
71.27189745122783,69.75694235802388
72.30857107128878,69.7374634309295
73.36032345637442,69.72871518592954
74.42737393217246,69.67843348831597
75.50994501453623,69.73704954244592
76.60826245588666,69.75309909422595
77.72255529228926,69.69143718942782
78.85305589121582,69.67767330954183
80.00000000000082,69.67458181818182
81.16362679500274,69.60670672881564
82.34417893148023,69.52709737474608
83.541902594194,69.48817925656785
84.75704754874454,69.35411513639302
85.98986719365665,69.30493723557345
87.24061861322157,69.30748361650807
88.50956263110764,69.3127017296474
89.79696386475084,69.3105310175845
91.10309078053635,69.23193511399282
92.42821574978288,69.08881929664986
93.77261510554118,69.09623163494521
95.13656920021877,69.05349793653306
96.52036246404286,69.02577484783254
97.92428346437356,68.95956287965075
99.34862496587989,68.92493746486088
100.79368399159105,68.8512958022032
102.25976188483567,68.83281222629309
103.74716437208203,68.75480657785225
105.25620162669229,68.67850978371229
106.78718833360406,68.62379716165827
108.34044375495276,68.57015042420116
109.9162917966485,68.60445149564987
111.51506107592134,68.55538506042822
113.13708498984903,68.39368182281976
114.78270178488147,68.34184489377623
116.45225462737648,68.3829970154348
118.14609167516147,68.38493821961264
119.86456615013608,68.3065757835538
121.60803641193078,68.23704336536993
123.3768660326369,68.20542182411651
125.17142387262359,68.07063736111662
126.99208415745765,67.98606769088609
128.83922655594208,67.89622162805342
130.71323625928977,67.8109617210801
132.61450406144883,67.78823225042824
134.5434264405962,67.78142406332228
136.50040564181674,67.76982222135356
138.48584976098482,67.7028799227179
140.50017282986593,67.68044994815104
142.5437949024563,67.62958633745431
144.61714214257822,67.59381972346786
146.7206469127495,67.50639498053366
148.8547478643456,67.41222573050776
151.01989002907314,67.3808538003478
153.216524911774,67.33157595781253
155.4451105845792,67.30323392614488
157.70611178243232,67.28536580015142
160.00000000000236,67.2028
162.3272535900062,67.19597338946932
164.6883578629612,67.1135497478299
167.08380518838874,67.04083967593574
169.51409509748981,66.99480830667414
171.97973438731407,66.9068329166814
174.4812372264439,66.89169153199417
177.01912526221608,66.80520947375885
179.5939277295025,66.79302207541369
182.20618156107355,66.73373927941209
184.85643149956664,66.61600863257267
187.54523021108326,66.59238020866314
190.27313840043846,66.53305039638911
193.04072492808663,66.50173528796743
195.84856692874806,66.39623195592623
198.69724993176072,66.31311645189705
201.58736798318304,66.28908954650147
204.5195237696723,66.22335995338122
207.49432874416505,66.1805366121553
210.5124032533856,66.04064014691988
213.57437666720915,65.9994253651079
216.68088750990657,66.00145750876683
219.83258359329807,65.98812034039284
223.03012215184378,65.93366683791237
226.2741699796992,65.8983066401624
229.5654035697641,65.8142551911222
232.90450925475412,65.73528547811118
236.2921833503241,65.63569841666775
239.72913230027333,65.60213832618228
243.21607282386276,65.59273821065796
246.75373206527502,65.51432983072303
250.34284774524843,65.494128609019
253.9841683149166,65.43017534112846
257.67845311188546,65.3178754671143
261.42647251858085,65.30090367309248
265.22900812289896,65.29360343416035
269.08685288119375,65.23175202617266
273.0008112836349,65.19807072047882
276.97169952197106,65.13529761424985
281.00034565973334,65.10219847909718
285.0875898049141,65.10073321031467
289.23428428515797,65.09189714714454
293.44129382550057,65.01862331484905
297.7094957286928,65.00190670597982
302.0397800581479,64.99277407507441
306.4330498235497,64.92057995735401
310.89022116916016,64.89538422590793
315.41222356486645,64.8206110554399
320.00000000000654,64.80127999999999
324.6545071800142,64.78579559807494
329.3767157259242,64.71596063173202
334.16761037677935,64.7010321631328
339.02819019498156,64.69331320427632
343.95946877463007,64.62787336335296
348.9624744528898,64.6020655582474
354.03825052443415,64.59315803415042
359.187855459007,64.51236577471559
364.4123631221491,64.41643024938955
369.71286299913527,64.39933763495117
375.0904604221685,64.40119960517151
380.54627680087896,64.39540789863872
386.08144985617537,64.32473164241625
391.6971338574982,64.30154972913513
397.3944998635236,64.2871832903794
403.1747359663683,64.21762471324114
409.0390475393468,64.19966134931926
414.9886574883323,64.20129319449299
421.0248065067734,64.19118041278554
427.1487533344206,64.11950601742976
433.3617750198154,64.09959988580229
439.6651671865984,64.10094699783446
446.06024430368984,64.09196987322805
452.54833995940066,64.02821711645355
459.13080713953053,64.00037017048373
465.8090185095106,63.999727775659316
472.58436670065066,64.00127642667444
479.45826460054917,63.99388045435065
486.432145647728,63.936912931038634
493.50746413055253,63.96555310333946
500.6856954904994,63.92431691083189
507.9683366298358,63.900319112595895
515.3569062237735,63.89965084257255
522.8529450371643,63.9
530.4580162458005,63.9
538.1737057623901,63.9
546.0016225672724,63.90180048677018
553.9433990439449,63.8894282967448
562.0006913194694,63.81478031891901
570.1751796098309,63.805835035921966
578.4685685703187,63.873877398666956
586.8825876510039,63.90177246369798
595.4189914573883,63.8914174474761
604.0795601162986,63.83617526980218
612.8660996471021,63.87022017626648
621.780442338323,63.82183501772682
630.8244471297356,63.7817891497825
640.0000000000159,63.646459999999735
649.3090143600314,63.51845796823692
658.7534314518515,63.413610581941896
668.3352207535618,63.42188822175173
678.0563803899662,63.618102980889
687.9189375492632,63.7095379440308
697.9249489057827,63.84494995344115
708.0765010488715,63.89862196276902
718.3757109180171,63.900600986960335
728.8247262443015,63.9
739.425725998274,63.90160088793967
750.1809208443404,63.89321985665626
761.0925536017613,63.81479191143241
772.1628997123541,63.72389741871187
783.3942677149998,63.69019686700377
794.7889997270506,63.62402410175597
806.34947193274,63.6001105472697
818.0780950786972,63.599743746010496
829.9773149766683,63.59842025846203
842.0496130135506,63.60907082753979
854.2975066688449,63.67933516912553
866.7235500396347,63.70561297005548
879.3303343732008,63.7783310967427
892.1204886073838,63.87608318518821
905.0966799188055,63.907288942649316
918.2616142790653,63.979278487714254
931.6180370190256,64.08259616310114
945.1687334013056,64.17060793375089
958.9165292011028,64.21856628176309
972.8642912954606,64.35804276694958
987.0149282611097,64.40468806513088
1001.3713909810035,64.48023405453317
1015.9366732596762,64.57542077697904
1030.7138124475518,64.69568575624874
1045.7058900743334,64.85284714247194
1060.916032491606,64.92540859501588
1076.3474115247852,65.20943084646726
1092.0032451345498,65.38592317931395
1107.8867980878947,65.55372718413415
1124.0013826389438,65.6776533161332
1140.350359219667,65.80403471732562
1156.9371371406426,66.02298933055678
1173.765175302013,66.12803843076193
1190.837982914782,66.39711888563198
1208.1591202326028,66.5230971992314
1225.73219929421,66.736894219298
1243.5608846766518,66.8694742460975
1261.648894259477,66.92382969130503
1280.0000000000375,67.12858333333384
1298.6180287200684,67.22077249704361
1317.5068629037087,67.43101430543913
1336.6704415071292,67.58936946292272
1356.112760779938,67.75287538074647
1375.8378750985323,67.8944476223821
1395.8498978115715,68.05686514570475
1416.153002097749,68.1049271359905
1436.7514218360407,68.19489722292708
1457.6494524886093,68.36234484128354
1478.8514519965543,68.48861498523571
1500.3618416886875,68.65011205807288
1522.1851072035295,68.71441298031229
1544.3257994247153,68.86249216012884
1566.788535430007,68.97982300936582
1589.5779994541087,69.08784356263034
1612.6989438654878,69.24481449168243
1636.156190157402,69.32324088534386
1659.9546299533442,69.53765067847914
1684.099226027109,69.69502178998121
1708.5950133376978,69.84930808536126
1733.4471000792773,69.92052069856679
1758.6606687464096,70.13604554606421
1784.2409772147755,70.27774375978386
1810.193359837619,70.39647432602852
1836.5232285581387,70.6334667222848
1863.2360740380593,70.79835715563529
1890.3374668026197,71.03614047190783
1917.833058402214,71.18632908165884
1945.7285825909298,71.36136390072043
1974.0298565222283,71.56410670517437
2002.7427819620161,71.76478016883341
2031.8733465193618,71.95407173960847
2061.4276248951132,72.10211696408862
2091.411780148677,72.40238154586865
2121.832064983222,72.59687549151097
2152.694823049581,72.8430375420253
2184.0064902691106,73.06943272906287
2215.7735961758003,73.3368436774875
2248.002765277899,73.48324667058127
2280.7007184393456,73.68287658818366
2313.874274281297,74.07593862113707
2347.530350604038,74.29996753933523
2381.6759658295764,74.60266386804439
2416.318240465218,74.79857118758055
2451.4643985884327,75.11087764322883
2487.1217693533167,75.36459150079656
2523.2977885189675,75.64587964229067
2560.0000000000887,75.92629729729796
2597.236057440151,76.09497764716252
2635.0137258074315,76.33881223133116
2673.340883014273,76.5666255091893
2712.225521559891,76.75721676492594
2751.6757501970797,76.89590463501797
2791.699795623158,77.1321851725724
2832.3060041955137,77.27984294921283
2873.502843672097,77.38209939676729
2915.2989049772345,77.48293401254006
2957.7029039931244,77.57654174743277
3000.723683377391,77.6001924416764
3044.370214407075,77.60031212759243
3088.6515988494466,77.6
3133.57707086003,77.6
3179.1559989082334,77.6
3225.3978877309914,77.60147055740246
3272.3123803148205,77.5925887255839
3319.9092599067053,77.52476818645547
3368.198452054235,77.4925594894607
3417.190026675413,77.42526222333318
3466.8942001585724,77.39275224472769
3517.3213374928373,77.32314700141134
3568.4819544295697,77.30163887370998
3620.386719675257,77.29223778528947
3673.0464571162966,77.22328130157993
3726.472148076138,77.20015850289546
3780.6749336052594,77.19811726864147
3835.6661168044484,77.20731476999804
3891.45716518188,77.2765113056867
3948.059713044477,77.29984682080874
4005.4855639240527,77.30032631008511
4063.746693038744,77.3
4122.855249790247,77.3
4182.823560297375,77.30285872886952
4243.664129966465,77.28819367797755
4305.389646099183,77.13567881710995
4368.012980538242,76.9300152350536
4431.5471923516225,76.64787029570836
4496.00553055582,76.27734538030612
4561.401436878714,75.86243415101171
4627.748548562617,75.41397558474249
4695.060701208099,75.00445570105954
4763.351931659176,74.21176024956699
4832.63648093046,73.50426606408274
4902.928797176889,72.83014421521918
4974.243538706657,72.12689440320125
5046.595577037959,71.42516186269532
5120.000000000202,70.759580821916
5194.472114880326,70.30128718998603
5270.027451614888,69.53586298571645
5346.6817660285715,69.00934044031244
5424.451043119808,68.26838947625767
5503.351500394186,67.61112598062509
5583.399591246343,67.0160297436096
5664.612008391055,66.48763513209364
5747.005687344222,65.98537042797513
5830.597809954497,65.51659540465558
5915.405807986278,65.21049960725314
6001.447366754812,64.71894756247039
6088.740428814181,64.27613887879887
6177.303197698925,63.949350970649554
6267.154141720092,63.6575595660233
6358.3119978165005,63.43309123981889
6450.795775462017,63.2499289329225
6544.624760629676,63.18563786883576
6639.818519813445,63.039928666703226
6736.396904108505,62.92342748770066
6834.380053350861,62.90569434786425
6933.788400317181,62.978219157480076
7034.642674985712,63.09347120998285
7136.963908859177,63.34467208065093
7240.773439350552,63.65889044291666
7346.092914232631,64.11590956859673
7452.944296152315,64.69686749521067
7561.349867210557,65.38721527988103
7671.332233608935,66.23323065612918
7782.914330363799,67.06580892547149
7896.119426088994,67.83511036421521
8010.971127848146,68.12081813616223
8127.49338607753,67.82458924295612
8245.710499580537,67.24618016982579
8365.647120594791,65.44988512090268
8487.328259932974,63.684351702312775
8610.77929219841,62.0855093857343
8736.025961076528,60.56857866937864
8863.094384703289,59.24082672495091
8992.011061111683,58.09776230737665
9122.802873757471,57.07661896140094
9255.497097125279,56.16461684823826
9390.121402416245,55.433348939232296
9526.7038633184,54.885115943136604
9665.272961860968,54.39198262897197
9805.857594353829,53.97502910885154
9948.487077413367,53.657170090204296
10093.19115407597,53.43946280976291
10240.000000000457,53.32323333333303
10388.944229760706,53.29663820135803
10540.05490322983,53.31193482422616
10693.363532057198,53.46397201456322
10848.902086239672,53.66193481546019
11006.703000788428,53.87183933143464
11166.799182492743,54.13768802685857
11329.224016782166,54.37224651207314
11494.0113746885,54.639941954447835
11661.195619909053,54.865843254709915
11830.811615972614,55.05902640947552
12002.894733509682,55.1791952215721
12177.48085762842,55.2946191363263
12354.606395397908,55.54424574012429
12534.308283440243,55.85586636661638
12716.62399563306,56.31184780815984
12901.591550924093,56.92616365852114
13089.249521259411,57.77128536889225
13279.637039626952,58.27181108572212
13472.793808217073,58.87349924757624
13668.760106701786,59.49239769378147
13867.576800634426,60.096025181411605
14069.285349971487,60.68916116944632
14273.927817718419,61.21772362778624
14481.54687870117,61.68280537916693
14692.18582846533,61.79421245019168
14905.888592304698,61.616921078320885
15122.699734421185,61.09387296586565
15342.664467217943,60.25081745460028
15565.828660727671,59.20047232279872
15792.238852178061,57.961011339122486
16021.942255696367,56.40838982921623
16254.986772155136,55.4304501221619
16491.42099916115,54.15544974282409
16731.294241189662,53.36838495540501
16974.65651986603,52.64497191763434
17221.558584396902,52.02299699521683
17472.051922153143,51.661806116676566
17726.188769406665,51.518622751660736
17984.022122223458,51.629078646848306
18245.605747515034,52.22589090133528
18510.99419425065,52.845566524998844
18780.242804832582,53.90445105052745
19053.40772663689,55.32034088336128
19330.545923722028,56.56574505499151
19611.71518870775,56.89810806901956
19896.974154826825,57.04510845559221
20186.382308152035,57.0982
